{"loss": 0.0, "_timestamp": 1745924302.9212656, "_runtime": 27009.258326530457, "_step": 21, "_wandb": {"runtime": 27498}}